first_name,last_name,address,city,postal,phone1,email
Aleshia,Tomkiewicz,14 Taylor St,St. Stephens Ward,CT2 7PP,01835-703597,atomkiewicz@hotmail.com
Evan,Zigomalas,5 Binney St,Abbey Ward,HP11 2AX,01937-864715,evan.zigomalas@gmail.com
France,Andrade,8 Moor Place,East Southbourne and Tuckton W,BH6 3BE,01347-368222,france.andrade@hotmail.com
Ulysses,Mcwalters,505 Exeter Rd,Hawerby cum Beesby,DN36 5RP,01912-771311,ulysses@hotmail.com
Tyisha,Veness,5396 Forth Street,Greets Green and Lyng Ward,B70 9DT,01547-429341,tyisha.veness@hotmail.com
Eric,Rampy,9472 Lind St,Desborough,NN14 2GH,01969-886290,erampy@rampy.co.uk
Marg,Grasmick,7457 Cowl St 70,Bargate Ward,SO14 3TY,01865-582516,marg@hotmail.com
Laquita,Hisaw,20 Gloucester Pl 96,Chirton Ward,NE29 7AD,01746-394243,laquita@yahoo.com
Lura,Manzella,929 Augustine St,Staple Hill Ward,BS16 4LL,01907-538509,lura@hotmail.com
Yuette,Klapec,45 Bradfield St 166,Parwich,DE6 1QN,01903-649460,yuette.klapec@klapec.co.uk
Fernanda,Writer,620 Northampton St,Wilmington,DA2 7PP,01630-202053,fernanda@writer.co.uk
Charlesetta,Erm,5 Hygeia St,Loundsley Green Ward,S40 4LY,01276-816806,charlesetta_erm@gmail.com
Corrinne,Jaret,2150 Morley St,Dee Ward,DG8 7DE,01625-932209,corrinne_jaret@gmail.com
Niesha,Bruch,24 Bolton St,"Broxburn, Uphall and Winchburg",EH52 5TL,01874-856950,niesha.bruch@yahoo.com
Rueben,Gastellum,4 Forrest St,Weston-Super-Mare,BS23 3HG,01976-755279,rueben_gastellum@gastellum.co.uk
Michell,Throssell,89 Noon St,Carbrooke,IP25 6JQ,01967-580851,mthrossell@throssell.co.uk
Edgar,Kanne,99 Guthrie St,New Milton,BH25 5DF,01326-532337,edgar.kanne@yahoo.com
Dewitt,Julio,7 Richmond St,Parkham,EX39 5DJ,01253-528327,dewitt.julio@hotmail.com
Charisse,Spinello,9165 Primrose St,Darnall Ward,S4 7WN,01719-831436,charisse_spinello@spinello.co.uk
Mee,Lapinski,9 Pengwern St,Marldon,TQ3 1SA,01578-287816,mee.lapinski@yahoo.com
Peter,Gutierres,4410 Tarlton St,Prestatyn Community,LL19 9EG,01842-767201,peter_gutierres@yahoo.com
Octavio,Salvadore,6949 Bourne St,Lye and Stourbridge North Ward,DY5 2QP,01552-709248,octavio.salvadore@yahoo.com
Martha,Teplica,148 Rembrandt St,Warlingham,CR6 9SW,01677-684257,mteplica@teplica.co.uk
Tamesha,Veigel,2200 Nelson St 58,Newport,PO30 5AL,01217-342071,tveigel@veigel.co.uk
Tess,Sitra,61 Rossett St,Chichester,PO19 1RH,01473-229124,tess_sitra@hotmail.com
Leonard,Kufner,41 Canning St,Steornabhagh a Deas Ward,HS1 2PZ,01230-623547,lkufner@kufner.co.uk
Svetlana,Tauras,8289 Cadogan St,South Ward,DN33 1AU,01781-827317,svetlana_tauras@tauras.co.uk
Pok,Molaison,211 Hobart St,Newquay,TR7 1LS,01866-248660,pok@yahoo.com
Augustine,Growcock,114 Falkland St 8845,Brimpton,RG7 4RF,01541-802635,augustine.growcock@growcock.co.uk
Karma,Quarto,1 Birkett St,Shard End Ward,B33 0NH,01857-864722,kquarto@gmail.com
Reed,Weisinger,5147 Blackstone St,Letchworth South West Ward,SG6 3LE,01243-678286,reed_weisinger@yahoo.com
German,Zelaya,7 Shenstone St,Longhill Ward,HU8 9PZ,01400-269033,german@hotmail.com
Milly,Savidge,129 Alexander Pope St,Franche Ward,DY11 9BW,01702-725589,milly@gmail.com
Luis,Ear,2 Birchfield Rd,Whittington,SY11 4PH,01462-648669,luis@hotmail.com
Ciara,Cobbley,7523 Kempton Rd,Cockerton West Ward,DL3 0JF,01235-647932,ciara_cobbley@hotmail.com
Alethea,Mould,6305 Elstow St,Castle Ward,BN12 6PR,01662-114247,alethea@hotmail.com
Margurite,Loperfido,218 Greenbank Drive,Devizes,SN10 3DU,01407-866759,mloperfido@gmail.com
Vernice,Sperazza,8921 Forge St,Colnbrook with Poyle,SL3 0PY,01822-563044,vernice@yahoo.com
Vicente,Rawicki,3060 St Ambrose Grove 261,Aldridge Central and South War,WS9 8UR,01327-770774,vicente_rawicki@hotmail.com
Craig,Cua,8388 Bessemer St 5,East Putney Ward,SW15 2RP,01483-418969,craig@hotmail.com
Jenise,Dulle,87 Pownall Sq,Sawston,CB22 3BB,01709-854691,jenise.dulle@hotmail.com
Marylin,Cornelison,39 Wye St,Wakefield North Ward,WF1 1DR,01609-882184,marylin_cornelison@yahoo.com
Marget,Gunst,2732 Bostock St 1,St. Enoder,TR9 6NJ,01693-310794,mgunst@yahoo.com
Annett,Bunselmeyer,5562 Fairfield St 847,Ryde,PO33 1HH,01891-702579,abunselmeyer@hotmail.com
Kip,Turziano,37 Meadow St,Laindon Park Ward,SS15 6LE,01850-347846,kip.turziano@yahoo.com
Melina,Orizabal,3 Nevison St,Lymington and Pennington,SO41 1DL,01420-307327,melina@gmail.com
Tina,Clapham,5662 William Moult St,Aylesbury,HP21 8PP,01567-296442,rclasham@gmail.com
Luisa,Devereux,3 North View 35,Burmantofts and Richmond Hill ,LS9 7JH,01607-269930,ldevereux@gmail.com
Pedro,Aschoff,135 Opie St,Howard Town Ward,SK13 8BB,01386-981141,paschoff@yahoo.com
Carrol,Kunimitsu,1 Askew St,Farnham,GU9 9AS,01260-641258,carrol_kunimitsu@yahoo.com
Alba,Mosseri,4 Burnall St,Beeston West Ward,NG9 1AE,01543-198690,alba@gmail.com
Domonique,Sandlin,95 Denton St,Wollaton West Ward,NG8 2NB,01355-500797,domonique@hotmail.com
Rory,Neufville,5 Chadwick St 7,Llangeler Community,SA44 5HF,01252-621329,rory_neufville@neufville.co.uk
Dustin,Klingaman,67 Micawber St,Brockley Ward,SE14 6RQ,01712-135466,dklingaman@gmail.com
Lyndia,Moonshower,43 Williamson St 7995,Meads Ward,BN20 7HB,01469-300335,lyndia_moonshower@moonshower.co.uk
Jules,Hiltner,5 Howe St,"Broxburn, Uphall and Winchburg",EH52 6NF,01428-343825,jules@yahoo.com
Dong,Kopczynski,7 Cheapside 9,St. Ive,PL14 5PA,01770-129032,dkopczynski@kopczynski.co.uk
Justine,Salta,85 Bridgewater St,Shard End Ward,B34 7BP,01689-253476,justine_salta@yahoo.com
Chantay,Kamens,763 Parkfield Rd,Norton Canes,WS11 9RH,01823-383806,ckamens@hotmail.com
Tequila,Chisum,662 Grove Park,Bulwell Ward,NG6 8RG,01835-634521,tequila.chisum@chisum.co.uk
Maybelle,Consolazio,5410 Lawton St,Treorchy Community,CF42 6PL,01383-647035,mconsolazio@yahoo.com
Margarett,Bairo,3 August Rd,Maybury and Sheerwater Ward,GU21 5QL,01670-813697,margarett@gmail.com
Janessa,Noonon,476 Starkie St,Westgate Ward,GL1 1QW,01472-324699,jnoonon@yahoo.com
Sol,Cowser,6448 Tillard St,Conisbrough and Denaby Ward,DN12 4JF,01412-528394,sol@gmail.com
Louann,Smethers,3055 Creswick St,Newbold and Brownsover Ward,CV21 1LN,01670-234959,louann@gmail.com
Lindsay,Yadao,7 Jolliffe St,Middlewich,CW10 9GB,01947-566661,lindsay_yadao@yadao.co.uk
Malika,Hanton,1175 Greig St,St. Marys Ward,M25 0ZN,01532-497454,malika@gmail.com
Stefany,Ferenz,636 Portland Place,Gresham Ward,TS1 4RG,01743-977277,stefany@hotmail.com
Abraham,Cratch,41 Benedict St,Aldborough Ward,IG2 7QG,01599-245408,acratch@gmail.com
Giuseppe,Rohaley,62 Margaret St,Royal Hospital Ward,SW3 4ND,01345-400452,giuseppe@yahoo.com
Kiera,Bassil,5152 Sophia St,Woodstock Ward,BS15 8DS,01655-519837,kbassil@bassil.co.uk
Wendell,Rubano,1 Back Canning St,Dunblane and Bridge of Allan W,FK9 4LD,01837-530939,wendell_rubano@hotmail.com
Stevie,Stifflemire,9 Gradwell St,Kempshott Ward,RG22 5HA,01262-808399,stevie_stifflemire@stifflemire.co.uk
Yun,Paletta,9205 Upper Hill St,City and Hunslet Ward,LS1 5QE,01350-332706,yun_paletta@paletta.co.uk
Brittani,Thurm,9 Horatio St,Ruckinge,TN26 2PN,01686-306597,bthurm@yahoo.com
Billy,Venus,61 Miriam St,Abbey Road Ward,NW8 9BD,01537-356648,billy.venus@yahoo.com
Brynn,Elkan,67 Pulford St,Prittlewell Ward,SS2 6NL,01388-416867,brynn@yahoo.com
Elroy,Piehler,821 Pembroke Place,Kirkby Stephen,CA17 4RZ,01589-654152,epiehler@piehler.co.uk
Anisha,Shulick,3 Alder St,Eaton Park Ward,ST2 9AW,01780-704167,ashulick@yahoo.com
Bettina,Kham,80 Morecambe St,Bishop Auckland,DL14 6NG,01355-192668,bettina.kham@kham.co.uk
Velda,Mancilla,7866 Renshaw St 283,Falmouth,TR11 4QQ,01823-526645,velda_mancilla@mancilla.co.uk
Marta,Brace,658 Lake St,Malmesbury,SN16 0XZ,01777-469402,marta.brace@brace.co.uk
Juan,Vanwyhe,5382 Redfern St,West End Ward,W1J 0QH,01961-642757,juan_vanwyhe@gmail.com
Lelia,Filion,45 Bidder St 38,Town Ward,EN1 3HT,01367-136951,lelia.filion@filion.co.uk
Una,Frankel,6766 Britton St 379,Crompton Ward,BL1 3EX,01912-749219,ufrankel@hotmail.com
Eva,Joulwan,7 Lear Rd,Stroud,GU32 3PQ,01779-720349,eva.joulwan@gmail.com
Mammie,Dormanen,2577 Toxteth St 5,Overton Ward,BB6 7UN,01527-579687,mammie_dormanen@hotmail.com
Jeannetta,Coolidge,761 Cockerell St 1,Midway Ward,DE11 0HE,01927-790069,jeannetta_coolidge@gmail.com
Elbert,Drawe,9 Cypress St,Washington East Ward,NE38 9AQ,01753-784273,edrawe@drawe.co.uk
Lenny,Gazzola,6 Romilly St,Walkergate Ward,NE6 4YH,01312-233253,lenny.gazzola@yahoo.com
Mira,Alpheaus,51 St Anne St 12,Stratfield Mortimer,RG7 3RA,01241-273991,mira.alpheaus@yahoo.com
Cathern,Ungar,823 Idris St,Selston,NG16 5LG,01898-134749,cathern.ungar@ungar.co.uk
Malcom,Fleckles,8764 Nickleby St 877,Govan Ward,G51 1BQ,01478-110943,malcom.fleckles@gmail.com
Monroe,Damato,5344 Bengel St 5,Millwall Ward,E14 5DR,01402-733903,mdamato@damato.co.uk
Leota,Fletchen,8880 Great Howard St 7750,Sefton,L29 7WD,01358-446391,lfletchen@gmail.com
Berry,Gutoski,9 Oakleigh,Lancing,BN15 9BN,01448-211489,berry@gmail.com
Meghan,Riherd,83 Denbigh St Bootle,St. Gluvias,TR3 7AZ,01462-474800,meghan@riherd.co.uk
Mike,Torner,30 Aughton St,Hilton,AB24 2RR,01240-600327,mike_torner@torner.co.uk
Elsa,Delisle,260 Saxon St,Brooklands Ward,M33 4BP,01537-525550,elsa_delisle@gmail.com
Linwood,Rosenlof,3 Pyramid St,Eccleston Ward,WA10 3BW,01546-942059,linwood.rosenlof@yahoo.com
Latosha,Alexy,37 Langham St 948,St. Georges Hill Ward,KT13 0AZ,01704-508066,latosha@yahoo.com
Alexia,Meenan,94 Villars St,Launcells,EX23 9LG,01560-328739,alexia.meenan@meenan.co.uk
Graham,Stanwick,73 Hawkstone St,Renfrew South & Gallowhill War,G52 4YG,01860-191930,gstanwick@gmail.com
Elinore,Fulda,123 Sussex St,Astley Bridge Ward,BL1 6PY,01457-837447,elinore.fulda@fulda.co.uk
Lisbeth,Creecy,484 Barry St,Shiney Row Ward,DH4 7RG,01931-620849,lcreecy@gmail.com
Eloisa,Faurote,7033 Micawber St,Bintree,NR20 5NQ,01337-695353,eloisa.faurote@hotmail.com
Shawana,Cantua,33 Vipond St,Woodhall Farm Ward,HP2 7JP,01413-348876,shawana@yahoo.com
Alyssa,Ansbro,85 Hero St,Stanhope,DL13 2TZ,01632-887825,alyssa_ansbro@gmail.com
Kyoko,Mcmillian,77 Reading St 8,North Tawton,EX20 2TR,01235-173362,kyoko_mcmillian@gmail.com
Terry,Gauthier,274 Altcar Ave,Catterick,DL10 7NU,01555-550015,tgauthier@yahoo.com
Sena,Langenbach,38 Avondale Rd 79,Kilmersdon,BA3 5SJ,01756-678490,sena.langenbach@hotmail.com
Cristen,Nesset,4679 Curzon St,Central Ward,BB5 0SJ,01354-864473,cnesset@nesset.co.uk
Lashawn,Ker,13 Nelson Rd,Filwood Ward,BS4 1HT,01676-780022,lashawn.ker@gmail.com
Wade,Sovel,2546 Hunter St,Central Buchan Ward,AB53 6YD,01712-978062,wade@hotmail.com
Whitney,Tishler,77 Mason St 650,Smallbridge and Firgrove Ward,OL16 3AW,01224-605237,whitney@gmail.com
Deja,Conatser,94 Wakefield St,Lavenham,CO10 9PU,01378-234592,deja.conatser@hotmail.com
Earnestine,Casper,529 Stalmine Rd 3680,Saffron Walden,CB11 4DJ,01807-346103,earnestine_casper@hotmail.com
Frankie,Marruffo,52 Morningside Rd 1,Cilybebyll Community,SA8 3HE,01295-678319,fmarruffo@gmail.com
Paola,Dease,94 Enid St,Birchington,CT7 9BG,01333-642646,pdease@gmail.com
Rodrigo,Hawkin,661 Great Crosshall St,Forth Ward,EH5 2LR,01936-611490,rodrigo@hotmail.com
Luther,Alsman,227 Albert Terrace,Belvedere Ward,DA17 6EF,01536-639256,luther@gmail.com
Casey,Dondero,464 Back Nile St 618,Acton Central Ward,W3 6QJ,01728-100333,casey.dondero@hotmail.com
Ressie,Bontemps,42 Eastwood St,Walton Ward,PE4 6HB,01996-854517,ressie_bontemps@bontemps.co.uk
Sean,Schurman,2877 Grain St,Caversham Ward,RG4 5DE,01773-139510,sean.schurman@schurman.co.uk
Celestina,Pince,13 Stockdale St 779,Abingdon on Thames,OX14 5QH,01763-475078,cpince@pince.co.uk
Maira,Karas,9 Cropper St,Northgate Ward,RH10 1YJ,01582-839217,maira.karas@yahoo.com
Beth,Barbone,3 Gaskell St,Tynemouth Ward,NE30 2NB,01210-926114,bbarbone@barbone.co.uk
Wei,Nobel,5221 Royston St,Eccleshall,ST21 6GA,01912-146880,wei_nobel@hotmail.com
Melissia,Slotemaker,83 St Johns Lane 43,Linlithgow Ward,EH49 7LS,01515-360513,mslotemaker@gmail.com
Letha,Akey,603 Pall Mall,Layton Ward,FY3 8ND,01694-424205,letha_akey@akey.co.uk
Isaac,Semrad,76 Dawber St 6,Blackheath Westcombe Ward,SE3 7JY,01939-738818,isaac.semrad@semrad.co.uk
Kristine,Klipfel,3380 Alexander St,Moulsham and Central Ward,CM1 9QQ,01710-435506,kristine.klipfel@yahoo.com
Odette,Moussette,216 Lissant St 8,Great Dunmow,CM6 1DQ,01712-248851,odette_moussette@gmail.com
Hobert,Panfilov,92 Phythian St 614,Gweek,TR11 5RR,01245-353227,hobert@gmail.com
Isadora,Mchughes,792 Queens Rd,Stretford Ward,M32 8LR,01526-145485,isadora.mchughes@mchughes.co.uk
Emily,Pogorelc,5196 York St,Orsett Ward,SS17 8NS,01416-913482,emily.pogorelc@yahoo.com
Desire,Barresi,428 Kearsley St,Hatton,CV35 7UA,01819-701096,desire@gmail.com
Rosalind,Stamps,8 Chestnut St,Barrowford,BB9 6EW,01918-999052,rosalind.stamps@stamps.co.uk
Vernell,Connley,998 Roe St 6,Bellingham,NE48 2BX,01954-363885,vernell@hotmail.com
Micheline,Mathieson,3 Copenhagen Rd,George St,AB25 3UZ,01857-518738,micheline.mathieson@yahoo.com
Nathan,Outhouse,293 Vivian St,South Jesmond Ward,NE2 1EY,01555-702650,nathan.outhouse@gmail.com
Allene,Burau,8 Barlow St 6,Barlow,S18 7TH,01731-825958,allene.burau@hotmail.com
Julie,Sakshaug,5 Shakspeare St 66,St. Johns Ward,B61 8HD,01225-180983,julie@gmail.com
Francisca,Shuhi,7 Carolina St,Bodmin,PL31 1QF,01345-878334,fshuhi@shuhi.co.uk
Marisha,Wilcoxon,52 Trowbridge St,Knightsbridge and Belgravia Wa,SW1X 9HB,01257-461104,marisha.wilcoxon@gmail.com
Telma,Maraia,25 Village St,Elgin City South Ward,IV30 1SB,01500-649863,telma@maraia.co.uk
Luke,Crete,4 Peach St 5112,Halstead,TN14 7EF,01375-820236,luke.crete@crete.co.uk
Hubert,Mias,3614 Old Hall St 604,Fawley,SO45 2PT,01408-965643,hubert.mias@gmail.com
Janella,Altobell,3768 Hey Green Rd,Hartshill,CV10 0TH,01746-505364,jaltobell@hotmail.com
Angelo,Lavista,97 Newlands St,Kensington and Fairfield Ward,L6 9DU,01544-247601,angelo.lavista@gmail.com
Tran,Mandiola,6226 Maitland St,West Bromwich Central Ward,B70 6DR,01609-235350,tran.mandiola@hotmail.com
Reynalda,Vanhooser,891 Crocus St,Rowley Ward,B65 8EZ,01951-872658,reynalda@vanhooser.co.uk
Salley,Rieger,1 Segrave St,Sutton Trinity Ward,B75 6HJ,01858-162078,salley.rieger@gmail.com
Cheryll,Yurich,666 Moor Place,Shepway South Ward,ME15 8ST,01780-380120,cheryll_yurich@yurich.co.uk
Crista,Viengxay,1554 Christopher St,Everton Ward,L6 1BG,01976-784016,crista@yahoo.com
Lino,Sutulovich,55 Margaret Rd,Heaton Ward,BD9 4DA,01316-590173,lino.sutulovich@gmail.com
Galen,Wendorf,8830 Antonio St,Gillingham North Ward,ME7 1DZ,01220-653456,galen.wendorf@wendorf.co.uk
Gilbert,Langarica,82 Sinclair St,Bangor Community,LL57 1DW,01455-565046,gilbert.langarica@gmail.com
Whitney,Goossen,7568 Atlas St,Butterwick,PE22 0HY,01255-383731,whitney.goossen@hotmail.com
Socorro,Abrahams,93 Clyde Rd 9,Deepdale Ward,PR1 6TN,01311-567052,socorro_abrahams@abrahams.co.uk
Mauricio,Flam,18 Nimrod St,Walney North Ward,LA14 3SJ,01640-813748,mflam@gmail.com
Phillip,Aloi,6 Cannock St,Scarcroft,LS14 3BW,01490-898175,paloi@hotmail.com
Gilberto,Erixon,2258 Benedict St,Penryn,TR10 8RP,01582-161403,gerixon@gmail.com
Thad,Puskarich,9302 Ismay St 6,Tenterden,TN30 6JP,01506-152661,thad_puskarich@puskarich.co.uk
Bambi,Favaron,3347 Lawrence Rd 456,Haverstock Ward,NW5 4EU,01676-354943,bambi.favaron@yahoo.com
Marshall,Kozikowski,47 Elwy St,Kilpatrick Ward,G81 6RT,01913-454226,marshall@hotmail.com
Chery,Wiederin,553 Picton Rd,Astley Mosley Common Ward,M29 7AA,01274-659801,cwiederin@yahoo.com
Eileen,Montecalvo,9986 Cantsfield St,St. Peters Ward,SR6 9SD,01904-227024,eileen@yahoo.com
Melita,Szpak,1 Sussex St,Cyfarthfa Community,CF48 1AR,01431-484822,melita.szpak@szpak.co.uk
Ashley,Jessie,9548 Ogwen St 84,Baguley Ward,M23 9GB,01740-739731,ashley_jessie@jessie.co.uk
Laila,Fend,57 St Georges Hill,Crawcrook and Greenside Ward,NE40 4LJ,01550-206220,lfend@gmail.com
Bobbie,Guillereault,385 Upper Hampton St 39,Southey Ward,S5 8LL,01496-781616,bguillereault@gmail.com
Dana,Paluszynski,6378 Lyell St 48,Trossachs and Teith Ward,FK21 8TJ,01847-224345,dpaluszynski@paluszynski.co.uk
Freida,Newyear,675 Falstaff St 170,Chapel-en-le-Frith,SK23 0QG,01773-691786,freida_newyear@yahoo.com
Val,Cellucci,87 Pelops St,Kings Norton Ward,B38 8PL,01387-155607,vcellucci@yahoo.com
Horace,Knapp,5 Eyes St,Mid and Upper Nithsdale Ward,DG4 6LF,01924-556297,horace.knapp@yahoo.com
Joana,Reinecke,2427 Olney St 7,Amersham,HP6 6JH,01320-402522,jreinecke@reinecke.co.uk
Tiara,Schlichter,805 Westbank Rd,North Heywood Ward,OL10 2DU,01270-562265,tiara_schlichter@schlichter.co.uk
Dacia,Swaisgood,36 Cranmer St 4697,Little Hereford,SY8 4LE,01984-926059,dacia.swaisgood@swaisgood.co.uk
Myong,Babineaux,2 Kirkdale Rd,Canning Town North Ward,E16 4NF,01897-419567,mbabineaux@babineaux.co.uk
Gene,Bleile,4687 Atherton St,Springfield Ward,B11 4HB,01257-354396,gene_bleile@bleile.co.uk
Kanisha,Difiora,513 Bailey St,Bontnewydd Community,LL54 7UP,01770-697837,kanisha@gmail.com
Ayesha,Moeder,620 Old Leeds St,Sheviock,PL11 3DF,01284-871485,ayesha@gmail.com
Lanie,Smalarz,5149 Maria Rd,Peterlee,SR8 5RL,01218-415062,lanie.smalarz@yahoo.com
Jaleesa,Polintan,8 Taylor St,Shrub End Ward,CO2 9LW,01507-519053,jpolintan@polintan.co.uk
Tamekia,Flotow,588 Venmore St,Twickenham Riverside Ward,TW1 2QH,01794-317624,tamekia.flotow@hotmail.com
Ula,Otey,1 Newby St,Coleshill,B46 3LZ,01291-565542,ula@hotmail.com
Rosendo,Ratel,5588 Lake St 903,Crystal Palace Ward,SE19 2TJ,01404-343160,rratel@yahoo.com
Timmy,Lintner,9112 Hardwick St,Bowes,DL12 9JB,01651-232745,tlintner@hotmail.com
Zita,Speltz,2395 Gloucester Pl,Halliwell Ward,BL1 6DS,01368-497445,zita_speltz@yahoo.com
Aleisha,Lemm,341 Birchfield St,Wareham St. Martin,BH16 6JJ,01341-997268,aleisha.lemm@gmail.com
Naomi,Lavezzo,9854 Ranelagh Place,Finedon,NN9 5EN,01469-888112,naomi.lavezzo@yahoo.com
Aretha,Bowling,8 Nova Scotia,Caerphilly Community,CF83 3AF,01816-462521,aretha@hotmail.com
Mila,Figuera,72 Lime Place,Old Newton with Dagworth,IP14 4HG,01300-650262,mila_figuera@yahoo.com
Orville,Zuehl,907 Denman St,Crowle and Ealand,DN17 4EN,01998-694754,orville_zuehl@zuehl.co.uk
Gabriele,Geschke,5 Garfield St 9,Milton Regis Ward,ME10 2EJ,01404-425588,gabriele@geschke.co.uk
Kara,Jaquish,345 Feltwell Rd,St. Michaels and Wicksteed War,NN15 6BB,01691-316298,kara@yahoo.com
Kenny,Lin,1 Towson St,Howe of Fife and Tay Coast War,KY14 6AH,01753-900033,kenny@lin.co.uk
Vashti,Sugai,4 Candia St 6,Shipston on Stour,CV36 4HE,01311-723137,vashti@gmail.com
Jordan,Handsaker,2 Cherry Lane,Strood South Ward,ME2 2NJ,01793-443665,jordan_handsaker@gmail.com
Carisa,Degenhardt,7 Britannia Ave 875,Newton-with-Clifton,PR4 3RQ,01911-775929,carisa.degenhardt@degenhardt.co.uk
Audrie,Danaher,63 Brunswick Sq,Llanelli Rural Community,SA15 5YN,01344-670413,adanaher@yahoo.com
Shaunna,Rodamis,5 Gainsborough Rd,Newington Ward,SE1 6EH,01658-509610,shaunna.rodamis@yahoo.com
Coleen,Langer,745 Goodall St 9309,Much Wenlock,TF13 6HB,01956-525612,coleen.langer@hotmail.com
Katie,Choinski,1267 Alderson Rd,Churchdown,GL3 2BA,01606-772920,katie@choinski.co.uk
Dannie,Brau,2 Gay St 3702,Werrington South Ward,PE7 2QA,01675-779811,dbrau@brau.co.uk
Ashanti,Donn,3409 Benns Gardens,Hollington Ward,TN38 9NE,01352-599278,adonn@yahoo.com
Madalyn,Dubberly,1 Lower Burlington St,Northfleet South Ward,DA11 8RN,01974-720949,madalyn.dubberly@gmail.com
Santos,Signore,4706 Chapel Place 5993,Steyning,BN44 3DF,01614-431131,santos@gmail.com
Alyce,Flamino,4 Mather St,Holbrook Ward,CV6 4BN,01361-927368,alyce@yahoo.com
Pearly,Ero,9960 Gilroy Rd,Woodhouse Ward,N12 9JT,01329-374051,pero@hotmail.com
Cherrie,Nitschke,3 Burnall St,Keighley,BD20 6DA,01373-498883,cherrie_nitschke@yahoo.com
Maia,Shadd,8 Bigham Rd,Deal,CT14 9QJ,01950-708083,maia_shadd@gmail.com
Edwin,Logghe,950 Gordon St,Heanor and Loscoe,DE75 7FZ,01366-667615,edwin_logghe@hotmail.com
Leigha,Semenza,784 Juno St 7653,North Horsham,RH12 4GW,01406-216625,lsemenza@yahoo.com
Walker,Seeger,69 Chantrey St 90,Hickling,NR12 0YB,01245-616596,walker.seeger@yahoo.com
Nakita,Rodrigues,4 Northbrook St 600,Edmonton Green Ward,N18 2NF,01679-150583,nakita_rodrigues@gmail.com
Kattie,Ozane,526 Liffey St 759,Westbury,BA13 3QU,01322-491007,kozane@gmail.com
Lamar,Suite,6301 Dorset Rd,Harefield Ward,UB9 6LF,01716-613102,lsuite@yahoo.com
Juliana,Uken,4 Summer Seat Bootle,Moulsecoomb and Bevendean Ward,BN2 4TL,01962-844141,juliana.uken@yahoo.com
Chan,Loftin,84 Walton Village,Horfield Ward,BS7 0AX,01507-583669,chan@gmail.com
Delpha,Detamore,8 Tagus St 9814,Cleator Moor,CA25 5EF,01322-480025,delpha.detamore@yahoo.com
Floyd,Tivis,770 Jamaica St,Penmaenmawr Community,LL34 6BH,01882-970809,floyd_tivis@hotmail.com
Chantell,Besong,11 Tetlow St,Parsons Green and Walham Ward,SW6 4QP,01607-329400,chantell_besong@gmail.com
Martin,Fonua,7642 Ledward St,Cressington Ward,L19 0LN,01919-185409,mfonua@yahoo.com
Hyun,Erdman,1432 Rutland Ave,Uckfield,TN22 9EF,01594-744010,hyun@gmail.com
Nada,Arey,22 Harewood St 95,Acton Trussell and Bednall,ST17 0RU,01576-627827,nada@hotmail.com
Elizabeth,Pata,645 Lister Drive,Denwick,NE66 2LQ,01634-662999,elizabeth@gmail.com
Dominic,Washmuth,8977 Old Leeds St 87,Beaminster,DT8 3DR,01725-615270,dwashmuth@hotmail.com
Alise,Packebush,22 Delamore St,Hereford,HR1 2EA,01266-695304,alise.packebush@gmail.com
Flo,Bardsley,35 Walton Lane,Loughborough Ashby Ward,LE11 4PF,01983-847833,flo.bardsley@hotmail.com
Bonita,Sandblom,22 Kilshaw St,Wimbledon Park Ward,SW19 7DT,01989-617161,bsandblom@gmail.com
Royal,Rush,1 Argyle St,Hyde Werneth Ward,SK14 5AR,01934-427282,royal.rush@yahoo.com
Erasmo,Talentino,3 Garden Lane,Darton West Ward,S75 5JY,01492-454455,erasmo.talentino@hotmail.com
Mari,Smeby,4309 Chisenhale St,Rock,DY14 9XQ,01423-202676,msmeby@gmail.com
Eleonora,Ventry,758 Woodhouse St,Soho Ward,B21 0UE,01966-685595,eleonora@gmail.com
Therese,Shiraki,18 Ouse St,Oakridge and Castlefield Ward,HP11 2PJ,01611-691262,tshiraki@gmail.com
Rodolfo,Scavuzzo,5 Ruskin St,Irvine East Ward,KA11 2BP,01576-536794,rodolfo_scavuzzo@yahoo.com
Cruz,Fanelli,4565 Blackstock St,Springfields and Trent Vale Wa,ST4 5BW,01710-616480,cruz@hotmail.com
Arlyne,Dellinger,8361 Cottenham St,Fawley,SO45 1QQ,01907-958462,arlyne.dellinger@yahoo.com
Edward,Strejan,1267 Audley St,Ise Lodge Ward,NN15 5DB,01242-422459,edward_strejan@gmail.com
Christoper,Sheneman,845 Atherton St,Tatsfield,TN16 2AR,01455-958797,christoper@gmail.com
Melda,Colamarino,150 Margaret Rd,Kings Hill,ME19 4DT,01879-572287,melda.colamarino@colamarino.co.uk
Margot,Peay,9923 Dinorben St 4838,Childs Hill Ward,NW11 8DY,01925-895879,margot.peay@yahoo.com
Gerald,Drozdenko,186 Craven St 68,Little Ness,SY4 2JX,01593-647422,gdrozdenko@yahoo.com
Tomoko,Renno,5160 High St 38,Goldsmid Ward,BN3 6EA,01731-573285,tomoko@renno.co.uk
Mendy,Wassmann,3833 Sidney Rd,Cherryfield Ward,L32 3XS,01378-845450,mendy.wassmann@wassmann.co.uk
Daryl,Hilcher,6267 Greenland St,Wakefield East Ward,WF1 4LW,01391-238570,dhilcher@hotmail.com
Ty,Feeback,14 Landseer Rd,Nith Ward,DG1 9SY,01964-503521,tfeeback@gmail.com
King,Vanacore,30 Seville St,Meads Ward,BN20 7QU,01908-714833,king_vanacore@yahoo.com
Isidra,Varnado,79 Chelmsford St,Holywell Community,CH8 7UP,01600-982590,ivarnado@varnado.co.uk
Tonja,Driesenga,8 South John St,Lamport,NN6 9XW,01683-204727,tdriesenga@driesenga.co.uk
Shaquana,Featherston,50 Townsend St,Chadderton Central Ward,OL9 0NS,01641-726098,shaquana@hotmail.com
Gilberto,Feagins,7643 Campbell St,Penge and Cator Ward,BR3 1LT,01304-758732,gfeagins@gmail.com
Rex,Faehnle,371 Oakleigh,Warminster,BA12 8NR,01955-496773,rfaehnle@faehnle.co.uk
Adolph,Cunningham,9874 Oakfield Rd,Redhill Ward,SR5 5PT,01731-429712,adolph_cunningham@hotmail.com
Queen,Leader,6 Princes St,East Kilbride West Ward,G75 8YR,01567-846944,queen_leader@gmail.com
Rebbecca,Rufenacht,4190 Seacombe St,Tiffield,NN12 8AA,01583-168158,rrufenacht@yahoo.com
Ardella,Goldrup,3145 Rhyl St,Londesborough,YO43 3QE,01813-786468,ardella.goldrup@goldrup.co.uk
Dallas,Miyashiro,4919 Lime Grove,Whitchurch Urban,SY13 4HB,01356-551432,dallas_miyashiro@miyashiro.co.uk
Vivan,Jenious,8 Carolina St,Northgate Ward,RH10 8EZ,01907-573672,vjenious@yahoo.com
Han,Dzledzic,1592 Price St,Ponteland,NE20 9TF,01532-163009,han_dzledzic@hotmail.com
Emilio,Guitierrez,2 Weller St,Appleton Wiske,DL6 2AS,01845-679016,emilio_guitierrez@guitierrez.co.uk
Latia,Cos,18 Thomas St,Barnham,PO22 0JT,01695-303367,lcos@yahoo.com
Lilli,Cureau,42 Hey Green Rd,Deepdale Ward,PR1 6TL,01752-399931,lilli@yahoo.com
Maryanne,Siske,256 Vesuvius St 159,Stutton with Hazlewood,LS24 9UA,01455-447890,maryanne@hotmail.com
Eliz,Strimple,82 Denison St 2642,Holyrood Ward,M25 1JB,01699-467608,eliz@gmail.com
Laura,Gumaer,1779 Bird St,East Sheen Ward,SW14 8JZ,01821-208235,laura_gumaer@gmail.com
Leanora,Respicio,99 College St South 1,Byker Ward,NE6 2RX,01564-503370,lrespicio@respicio.co.uk
Sherell,Pomarico,29 Greenleaf St,Llangristiolus Community,LL62 5HD,01523-372834,spomarico@hotmail.com
Charlie,Isita,39 Hooton Place,"Neilston, Uplawmoor and Newton",G78 3AB,01295-844061,charlie@isita.co.uk
Veronique,Nuckolls,198 Ranelagh Place,Central Buchan Ward,AB43 6RD,01632-762032,vnuckolls@gmail.com
Antonio,Villamarin,353 Standish St 8264,Little Parndon and Hare Street,CM20 2HT,01559-403415,antonio.villamarin@gmail.com
Louvenia,Kincannon,87 Eldon Place,Read,BB12 7RY,01315-409372,lkincannon@kincannon.co.uk
Roxanne,Hedegore,592 Catharine St,Blantyre Ward,G72 0RZ,01317-299836,roxanne_hedegore@gmail.com
Eve,Hoffstot,1661 Arrow St,Kirk Hammerton,YO26 8DA,01746-129962,eve.hoffstot@yahoo.com
Kenda,Koza,7 Netley St,Custom House Ward,E16 3DP,01840-188852,kkoza@koza.co.uk
Elden,Mercik,7 St Edmonds Rd,Nonington,CT15 4HH,01539-784239,elden_mercik@mercik.co.uk
Kami,Ferre,6996 Wrenbury St,Foleshill Ward,CV6 5RS,01775-876516,kami@yahoo.com
Selene,Zeng,2 Prince Rupert St,West Wickham Ward,BR3 6SX,01741-833047,selene@yahoo.com
Deangelo,Rardon,9970 Clyde Rd,Woodham Ward,KT15 3NW,01748-535438,deangelo_rardon@yahoo.com
Olen,Ailey,9 Fielding St,Wombourne,WV5 0BB,01654-865551,olen@gmail.com
Lanie,Smarsh,555 Ludlow St,Trowbridge,BA14 9JB,01973-841918,lanie@yahoo.com
Lynna,Breheny,1 James St 4,St. Andrews Ward,KY16 9EE,01914-909214,lynna@yahoo.com
Jody,Klitzing,3 Byng St 524,Pinhoe Ward,EX1 3SF,01822-390245,jody_klitzing@hotmail.com
Antonio,Glasford,425 Howley St,Gaer Community,NP20 3DE,01463-409090,antonio_glasford@glasford.co.uk
Merilyn,Scurci,4041 Virgil St,Headley,KT18 6PZ,01770-233355,merilyn_scurci@hotmail.com
Elliott,Kins,32 High Park St 44,St. Margarets with St. Nichola,PE30 1QE,01727-926540,elliott@gmail.com
Leonie,Devereux,88 Vernon St,Dunbar and East Linton Ward,EH42 1SJ,01515-840778,leonie_devereux@gmail.com
Eulah,Syrop,62 Euston St,Bunhill Ward,EC1Y 8RT,01666-133305,eulah@syrop.co.uk
Marsha,Tarry,74 Medlock St,Chorlton Park Ward,M20 1JG,01203-684728,marsha.tarry@yahoo.com
Mignon,Luger,80 Talbot St,Edgeley and Cheadle Heath Ward,SK3 9RD,01934-252795,mignon@gmail.com
Tu,Rivet,31 Buckingham Ave 3785,Cotham Ward,BS6 5SR,01578-744350,tu_rivet@gmail.com
Adelle,Schantini,162 Grayson St,Greenlands Ward,FY2 0TD,01624-595660,adelle_schantini@yahoo.com
Douglass,Fonnesbeck,5 Webb St 8,Boothen and Oak Hill Ward,ST4 1EB,01305-958705,douglass@fonnesbeck.co.uk
Evette,Mazierski,8092 Firdale Rd,Stoneygate Ward,LE5 5RE,01277-740331,emazierski@mazierski.co.uk
Geraldo,Okoren,68 Carno St,City and Hunslet Ward,LS10 1SJ,01374-376226,gokoren@okoren.co.uk
Clarinda,Pelayo,714 Moored St,Trelawnyd and Gwaenysgor Commu,LL18 6DH,01902-887021,cpelayo@pelayo.co.uk
Reuben,Mccorrison,545 North John St,Cobham and Downside Ward,KT11 2HT,01337-407282,reuben.mccorrison@hotmail.com
Yen,Groody,21 Pilgrim St,Leighton-Linslade,LU7 2NZ,01882-911812,ygroody@groody.co.uk
Tanja,Milne,9772 Teilo St,Hetton,DH5 0PH,01584-615989,tanja.milne@yahoo.com
Jerlene,Holtgrewe,33 Fonthill Rd,Hodge Hill Ward,B36 8JE,01993-956208,jholtgrewe@yahoo.com
Almeta,Keehner,3 Ivyleigh,Loundsley Green Ward,S40 4LW,01291-250423,akeehner@hotmail.com
Wilda,Brigham,501 Sandon Terrace 200,Little Clacton,CO16 9LZ,01950-109108,wilda@brigham.co.uk
Remedios,Arlinghaus,9 Duckenfield St,Aldbrough,HU11 4QA,01536-498792,remedios.arlinghaus@gmail.com
Margret,Alcazar,5466 Sedley St,Coatbridge South Ward,ML5 4LJ,01626-590776,margret@alcazar.co.uk
Denny,Casalenda,75 Brewster St 453,Redlands Ward,RG1 5EX,01349-134533,dcasalenda@gmail.com
Carolynn,Atkison,7901 Beech St,St. Helier Ward,SM4 5PY,01815-665993,carolynn.atkison@hotmail.com
Amina,Goulbourne,684 Cotswold St,Victoria Ward,E9 7NG,01536-114519,amina@yahoo.com
Janna,Przybyl,5 April Rd 13,Wheatley Ward,DN1 2TU,01684-628072,jprzybyl@przybyl.co.uk
Emiko,Sayre,8 Village St,Windlesham,GU18 5YQ,01660-135336,emiko.sayre@yahoo.com
In,Muns,7 Haddock St 34,Saint Annes on the Sea,FY8 3TF,01574-363346,in_muns@muns.co.uk
Eleni,Vanscoik,9 Mather St,Sutton Vesey Ward,B73 6HH,01208-373467,eleni_vanscoik@gmail.com
Kandis,Alsbury,70 Rose Vale,Reydon,IP18 6PE,01797-837270,kalsbury@hotmail.com
Kina,Saltman,29 Oregon St,Ruddington,NG11 6JT,01515-506025,kina_saltman@gmail.com
Jacki,Sterback,15 East Albert Rd,Kingston Bagpuize with Southmo,OX13 5AW,01820-396117,jacki.sterback@gmail.com
Fallon,Kerfoot,3186 Naylor St,Manor Castle Ward,S2 1HP,01538-649750,fallon.kerfoot@gmail.com
Precious,Brabble,9 Herbert St 77,Shenley,WD7 9AQ,01687-288043,precious_brabble@brabble.co.uk
Glory,Ona,9830 Croxteth Rd,Pontefract North Ward,WF8 3YR,01469-868357,glory_ona@gmail.com
Tamesha,Tyburski,1054 Gladys St,Bellshill Ward,ML4 3EJ,01954-979729,tamesha.tyburski@gmail.com
Brande,Cutlip,921 Douro St 1520,Rhoose Community,CF62 3HN,01947-472569,bcutlip@yahoo.com
Olene,Skubis,180 Frodsham St,Grovehill Ward,HP2 7BD,01250-453315,olene_skubis@yahoo.com
Carey,Marchetta,7217 Edge Grove,Sharston Ward,M22 4ZB,01750-379103,cmarchetta@hotmail.com
Launa,Torez,12 Gelling St,Trossachs and Teith Ward,FK16 6DU,01670-547878,launa.torez@yahoo.com
Dominga,Whitrock,763 Roscoe St,Lobley Hill and Bensham Ward,NE11 0AN,01341-700830,dominga@whitrock.co.uk
Dwight,Belyea,419 St Andrew St,Tibberton,WR9 7NS,01822-404490,dbelyea@belyea.co.uk
Cornell,Mccrossin,623 Cornhill,Stretton,DE13 0DH,01608-748971,cornell.mccrossin@mccrossin.co.uk
Alverta,Topete,328 Havelock St 61,Addlestone Bourneside Ward,KT15 2NL,01685-141932,alverta.topete@gmail.com
Felicia,Claybrooks,1056 College St South,Chester-le-Street North and Ea,DH2 2JZ,01722-395799,felicia@claybrooks.co.uk
Carmen,Gillham,11 Denison St 7,Orford Ward,WA2 9QB,01692-491267,carmen@hotmail.com
Ashlee,Beyl,30 Daulby St,Brympton,BA20 2EJ,01832-837946,ashlee.beyl@hotmail.com
Vannessa,Land,201 Bran St,Ashford Common Ward,TW15 2AJ,01206-207771,vannessa.land@yahoo.com
Patti,Rempel,1346 Vandyke St,Hove Park Ward,BN3 6NS,01539-157435,patti@rempel.co.uk
German,Meyerhoff,883 Howe St,Clayton-le-Moors Ward,BB5 5TJ,01790-887225,german@meyerhoff.co.uk
Anika,Marse,231 Wordsworth St,Harrow Weald Ward,HA3 6TH,01942-654793,anika@marse.co.uk
Cristina,Marola,2449 Amberly St 6364,Temple Newsam Ward,LS15 0PQ,01264-145506,cmarola@gmail.com
Lemuel,Allis,8430 Shadwell St,Great Barr with Yew Tree Ward,WS5 4SU,01580-252868,lemuel_allis@yahoo.com
Joaquin,Hysom,115 Lister Rd,Barnfield Ward,BB5 2EY,01616-548910,jhysom@gmail.com
Kerrie,Makuch,7855 Sir Thomas St 7499,Calstock,PL17 8AR,01854-749084,kmakuch@gmail.com
Alaine,Raterman,1 Milton St,Little Missenden,HP16 0DH,01927-151413,alaine@hotmail.com
Shannon,Kobayashi,1111 Nesfield St,Tonge with the Haulgh Ward,BL2 2SU,01620-435994,shannon@yahoo.com
Corinne,Holman,1831 Richards St 8,Berkhamsted,HP4 2AF,01933-753592,corinne@holman.co.uk
Heidy,Hallford,8054 Low Hill,Prestbury,GL52 3BY,01958-748582,hhallford@hotmail.com
Marylyn,Shonerd,7252 Dansie St,East Finchley Ward,N2 9JL,01721-694690,marylyn_shonerd@yahoo.com
Maryln,Mortenson,76 Paulton St,Lancaster Gate Ward,W2 3JT,01618-628525,maryln@gmail.com
Pearlie,Flori,4 Cochrane St,Iwade,ME9 8UJ,01235-935599,pearlie_flori@gmail.com
Nina,Yaklin,5679 Gloucester Pl,Calton Ward,G40 4BH,01434-621318,nyaklin@hotmail.com
Vivienne,Torrain,45 Ledward St,Wilsden,BD15 0NJ,01782-100832,vivienne@hotmail.com
Jacob,Kippel,4 Monmouth Rd,Llwyn-y-Pia Community,CF40 2JJ,01550-463222,jacob.kippel@yahoo.com
Tula,Nahmias,64 Croyland St,Clackmannanshire South Ward,FK10 2LA,01846-815511,tnahmias@nahmias.co.uk
Berry,Scandalis,4 Vivian St,Corporation Park Ward,BB2 6LB,01379-603039,berry.scandalis@gmail.com
Kaycee,Carsten,35 Dublin St,Cirencester,GL7 2EY,01270-893129,kaycee.carsten@gmail.com
Melvin,Setter,87 Pickup St,Franche Ward,DY10 2ZQ,01401-151569,melvin_setter@setter.co.uk
Brianne,Matsumura,7 Cottenham St,Mossend and Holytown Ward,ML1 4TD,01519-417660,brianne@matsumura.co.uk
Eugene,Pelzer,622 Holmes St,Heath Town Ward,WV10 0AW,01839-920108,eugene_pelzer@gmail.com
Margery,Rohrs,40 Peters Lane,Long Preston,BD23 4NF,01634-340524,margery@hotmail.com
Noel,Sarra,2 Cockburn St,Seaham,SR7 0AR,01868-736780,nsarra@gmail.com
Beula,Lingo,65 Oban Rd,St. Austell,PL25 5AH,01322-144392,beula_lingo@yahoo.com
Sheridan,Mckenize,31 Davy St,Aveton Gifford,TQ7 4NF,01512-765064,sheridan.mckenize@hotmail.com
Dino,Meinert,80 Ellerslie Rd,Trotton with Chithurst,GU31 5JN,01802-634391,dino.meinert@yahoo.com
Rebbeca,Rubinstein,4 Sherwood St,Speke-Garston Ward,L24 6SH,01708-724957,rebbeca_rubinstein@hotmail.com
Celia,Reisling,8362 Whithorn St,Leatherhead South Ward,KT22 8AP,01309-159593,celia.reisling@hotmail.com
Stefania,Weatherwax,25 Dale St 2,Kirkintilloch East and Twechar,G66 3LX,01698-705920,sweatherwax@yahoo.com
Leah,Luchterhand,68 Scotland Place,Loughborough Hastings Ward,LE11 2NX,01777-851028,leah@hotmail.com
Billy,Selma,338 Alfonso Rd,Alphington Ward,EX2 8LL,01270-345115,billy.selma@yahoo.com
Doug,Lucore,65 Rankin St,Woodford cum Membris,NN11 3QR,01943-467489,dlucore@yahoo.com
Veronica,Mcclodden,8 Cookson St,Temple Newsam Ward,LS15 9EP,01456-906658,veronica@hotmail.com
Laquanda,Kho,7 Lockhart St,Billesley Ward,B14 5HS,01725-370369,laquanda.kho@yahoo.com
Mohammad,Poitra,363 Vandries St,Milton Ward,SS0 7TF,01705-240007,mpoitra@yahoo.com
Mozell,Westad,8 Gertrude St,Mossley,OL5 0QJ,01348-989703,mozell.westad@westad.co.uk
Bronwyn,Bridgford,826 Rumney Rd West 7,Dingwall and Seaforth Ward,IV15 9SD,01407-312329,bronwyn.bridgford@yahoo.com
Jeff,Brossoit,954 Madelaine St,Central Ward,SN5 8WG,01593-501965,jeff.brossoit@yahoo.com
Shantay,Hopman,7602 Brook St 86,Broomhill Ward,NG18 9SZ,01516-850881,shopman@hopman.co.uk
Chantay,Jirsa,966 Bower St,Frimley Green Ward,GU16 9BB,01721-910475,chantay_jirsa@jirsa.co.uk
Keneth,Stpierrie,2 Seacombe St,Littleborough Lakeside Ward,OL15 0JP,01919-731224,keneth_stpierrie@hotmail.com
Alton,Rampy,83 Battenburg St,Girvan and South Carrick Ward,KA26 0DY,01767-568989,alton_rampy@gmail.com
Patrick,Teisberg,2 Whitefield Rd,Leigh-on-Sea,SS9 2DJ,01842-131065,patrick@hotmail.com
Theron,Merriam,869 Luke St,Wonersh,GU5 0QU,01655-809574,theron@merriam.co.uk
Pilar,Seelig,4 Ogwen St,Chichester,PO19 9PF,01356-866584,pilar@yahoo.com
Lashunda,Argiro,205 Forge St 4021,Stainburn,LS21 2LS,01422-728149,lashunda@yahoo.com
Verda,Chiphe,999 Upper Harrington St 61,Earlestown Ward,WA12 9WX,01754-426672,vchiphe@chiphe.co.uk
Ashley,Tropp,3 Greenleaf St 5644,Blyth,NE24 2RY,01951-324927,ashley.tropp@gmail.com
Vesta,Havely,493 Wellington Rd,Upper Rawcliffe-with-Tarnacre,PR3 0UH,01772-461124,vhavely@havely.co.uk
Emogene,Ritthaler,1257 Stone St,Northwood Ward,HA6 1AN,01681-212638,emogene.ritthaler@yahoo.com
Shayne,Mordhorst,1 Bousfield St,Shrewsbury,SY3 8NG,01286-279043,smordhorst@mordhorst.co.uk
Franchesca,Charry,59 Westminster Rd,Empress Ward,GU14 8AY,01748-827176,franchesca@gmail.com
Elmira,Ringlein,143 Clark St 802,Halliwell Ward,BL1 2PS,01934-672498,eringlein@gmail.com
Destiny,Madlem,421 Monument Place 44,Hartburn Ward,TS21 1BA,01421-624966,destiny@yahoo.com
Gaston,Szumski,8 Gullett St,West Garioch Ward,AB51 0HT,01651-911453,gaston.szumski@hotmail.com
Ronna,Mittler,2767 Pembroke St 979,Roundway,SN10 3FQ,01214-651738,ronna_mittler@hotmail.com
Angelica,Poisso,47 Orry St 8243,Castleford Central and Glassho,WF10 4DW,01472-449327,apoisso@gmail.com
Casie,Arzilli,5 Noon St,Melton Dorian Ward,LE13 0RG,01289-195823,casie@gmail.com
Magdalene,Cocherell,510 Belvidere Rd,Patching Hall Ward,CM1 4BY,01546-162965,magdalene_cocherell@yahoo.com
Erasmo,Gath,860 Rokeby St,Sunningdale,SL5 0AZ,01445-796544,egath@hotmail.com
Rosalia,Ziv,9362 Solomon St 97,Castle Ward,NN8 4DR,01414-349699,rosalia.ziv@ziv.co.uk
Lyda,Cronholm,916 Strand St 4753,Leek,ST13 5AW,01672-538356,lyda.cronholm@cronholm.co.uk
Lisandra,Stueber,5 Bentinck St,Churchill Ward,SW1V 3EW,01831-806301,lisandra_stueber@hotmail.com
Sabina,Prok,954 Birchdale Rd,Aspley Ward,NG8 5PY,01932-112259,sabina.prok@prok.co.uk
Elenore,Gomoran,7 Great Orford St,Callington,PL17 7DT,01470-383444,elenore_gomoran@yahoo.com
Brynn,Capra,488 Mulberry St,Ravenshead,NG15 9AE,01963-124789,brynn_capra@yahoo.com
Leeann,Flory,1761 Johnstone St,Church Langley Ward,CM17 9TZ,01906-807997,leeann@gmail.com
Janet,Steimer,8899 Mere Lane,Midlothian West Ward,EH20 9SJ,01506-627051,janet_steimer@hotmail.com
Lewis,Mellom,6 St Hilda St,Central Ward,S1 1EQ,01954-643657,lewis@yahoo.com
Jestine,Driscol,2725 Underley St 6452,Grangemouth Ward,FK3 8UB,01257-928278,jestine_driscol@driscol.co.uk
Tatum,Parks,6061 Back Nile St,Rhos-on-Sea Community,LL28 4NL,01567-457572,tparks@parks.co.uk
Kayleigh,Bendle,9735 Linton St 2284,Kingswells,AB16 7RW,01312-772111,kayleigh.bendle@bendle.co.uk
Lili,Imondi,9 Herbert St,Blyth,NE24 3DQ,01600-986258,lili_imondi@hotmail.com
Sunshine,Senechal,40 Cairo St,Warwick,CV34 5LQ,01416-686933,sunshine.senechal@hotmail.com
Remona,Heier,7199 St Clare Rd,Inverclyde South Ward,PA16 7BT,01718-274321,remona.heier@heier.co.uk
Gail,Carris,6 Conyers St 3346,Hamilton South Ward,ML3 7TE,01292-196869,gcarris@hotmail.com
Dong,Oropeza,8657 Cedar St 2,Kinross-shire Ward,KY13 8EQ,01573-788734,doropeza@hotmail.com
Larue,Ocacio,8 Jacob St,Daybrook Ward,NG5 6JB,01577-443040,larue@yahoo.com
Goldie,Sonkens,6174 Botanic Pl,Ravensthorpe Ward,PE3 7BJ,01867-720033,gsonkens@sonkens.co.uk
Shelia,Plues,9730 Dunnet St,Silloth-on-Solway,CA7 4RB,01818-260618,shelia@gmail.com
Narcisa,Araiza,8783 High St,Milton,CB24 6ZR,01724-644767,naraiza@hotmail.com
Evelynn,Frede,8 Breckfield Road North,Seaham,SR7 0AZ,01289-621482,evelynn.frede@gmail.com
Arlean,Calaf,82 Waterhouse Lane,Llantrisant Community,CF72 8LB,01448-395723,acalaf@yahoo.com
Tamra,Yu,2 Park Rd Walton 4338,Lansdown Ward,GL50 2LF,01891-816938,tamra.yu@hotmail.com
Dusti,Maricle,59 Charles St,Victoria Ward,TN23 4GF,01642-202972,dusti@gmail.com
Aracelis,Donham,593 Kinglake St,Fowlmere,SG8 7TP,01924-111018,aracelis.donham@hotmail.com
Filiberto,Fredrikson,404 Aigburth St 4246,Audley Ward,BB1 2AA,01559-323337,filiberto_fredrikson@gmail.com
Leana,Stackpole,690 Copenhagen Rd,Warham,NR23 1NJ,01248-325090,lstackpole@yahoo.com
Man,Homer,7 Canton St,Mildmay Ward,N1 4RF,01590-219449,man.homer@gmail.com
Lennie,Asley,79 Pine St,Radcliffe West Ward,M26 1GH,01585-487560,lennie_asley@gmail.com
Arletta,Naomi,9 Lodwick St,City and Hunslet Ward,LS1 8HZ,01255-805722,arletta_naomi@naomi.co.uk
Chana,Perera,9 Ogwen St,Murdostoun Ward,ML2 8LW,01477-796750,chana.perera@hotmail.com
Nell,Pao,1730 Seymour St,Eastbrook Ward,BN41 1QH,01308-582144,npao@gmail.com
Antonio,Heilig,35 Elton St 3,Ipplepen,TQ12 5LL,01324-171614,antonio.heilig@gmail.com
Gerald,Kernagis,8 Hinton St 8241,Stowting,TN25 6BQ,01504-620944,gerald_kernagis@kernagis.co.uk
Sueann,Mandril,751 Stamford St,Werrington,ST9 0AH,01886-226100,smandril@hotmail.com
Alayna,Hoyal,70 Royal St,Banchory and Mid Deeside Ward,AB31 4AH,01964-720542,alayna_hoyal@hotmail.com
Talia,Marthe,5 Minerva St,Westbury,BA13 3QR,01711-170147,talia.marthe@gmail.com
Pansy,Kopan,1 Northampton St,Madeley,TF7 4GA,01674-842315,pansy@kopan.co.uk
Royce,Saik,2 Maple Grove,Kincorth,AB12 5EJ,01972-770618,royce@hotmail.com
Cherelle,Sorrel,794 Hook St,Benwell and Scotswood Ward,NE15 7JA,01753-327307,cherelle_sorrel@gmail.com
Dudley,Dibartolo,91 Ludlow St,Woodhouse Ward,N12 0EF,01997-409950,dudley_dibartolo@yahoo.com
Nettie,Aldaco,51 Freehold St 224,Wheatley Ward,DN2 4PP,01388-974910,nettie.aldaco@yahoo.com
Carline,Bulcao,7 Hey Green Rd 4,Rothwell Ward,LS26 8XE,01885-707109,carline@yahoo.com
Shanda,Lunger,2476 Marsh St,Markhouse Ward,E17 8NP,01329-303595,slunger@gmail.com
Emilio,Withers,597 Threlfall St 72,Stokenham,TQ7 2HS,01523-697097,emilio_withers@yahoo.com
Lovetta,Study,1 Jervis St,High Barnet Ward,EN5 4LH,01593-438141,lovetta@study.co.uk
Felice,Gone,7602 Grantham St,Hexham,NE46 1QQ,01691-816025,felice.gone@hotmail.com
Stefania,Leadbeater,10 Carisbrooke St,Shorne,DA12 3ED,01706-546951,stefania_leadbeater@hotmail.com
Margarita,Orloski,78 Pine Grove,Stannington Ward,S6 5HE,01215-422453,margarita_orloski@yahoo.com
Paul,Farrin,7 Varthen St,Town Ward,DA1 2DL,01407-775572,paul.farrin@farrin.co.uk
Anglea,Tritten,8 Thomaston St,Astley Bridge Ward,BL1 8RG,01818-292728,anglea_tritten@hotmail.com
Ona,Bowhall,527 Harding St,Market Rasen,LN8 3AD,01467-554624,ona@yahoo.com
Germaine,Hascall,1616 Menzies St 453,Tadworth and Walton Ward,KT20 7PA,01366-388506,ghascall@hotmail.com
Vicky,Schellenberge,3922 Leda St,Moreton Morrell,CV35 9BX,01625-805645,vschellenberge@hotmail.com
Carolann,Gross,6352 Grosvenor St,Wombourne,WV5 0LP,01470-609953,carolann@gross.co.uk
Rusty,Adelsperger,4313 Princes Park Terrace,Launceston,PL15 9QN,01467-172590,rusty.adelsperger@yahoo.com
Cassandra,Bludworth,9 Sydney Place,Henllan Community,LL16 5AF,01903-614855,cbludworth@yahoo.com
Teresita,Gesell,2015 Suburban Rd,Springfield Ward,N16 6TD,01914-501391,teresita_gesell@hotmail.com
Evangelina,Gius,769 Euston St,Glastonbury,BA6 8EY,01563-997671,evangelina.gius@yahoo.com
Marlon,Tromblay,46 Stevenson St,West End Ward,DD1 5EF,01919-394681,mtromblay@yahoo.com
Quiana,Scarsella,1400 Ash St,Thorpe Hamlet Ward,NR1 4HS,01446-936944,quiana_scarsella@hotmail.com
Viki,Humeniuk,8822 Trafalgar St,Yalding,ME18 6JE,01721-747819,vhumeniuk@gmail.com
Domitila,Weissmann,28 Berwick St,Moordown Ward,BH9 1TT,01606-833878,domitila@gmail.com
Ivan,Aronov,94 Regent St,Over Kellet,LA6 1DB,01478-392232,ivan@gmail.com
Anabel,Baldock,30 Marine Parade 1,Staina Ward,FY5 4FN,01994-675650,anabel_baldock@hotmail.com
Carlton,Blyler,8 Pim Hill St,Portobello,EH15 2HW,01437-681317,carlton@blyler.co.uk
Rashida,Vera,8451 Bengel St,Brixham,TQ5 9JW,01286-317691,rashida@hotmail.com
Sherron,Knodel,159 Carlton St,Windle Ward,WA10 6QG,01481-744296,sherron@knodel.co.uk
Cora,Mossing,38 Raffles St,Newmarket,CB8 8QE,01285-381062,cora@yahoo.com
Altha,Tischner,650 Goring St,Rainham South Ward,ME8 9PN,01373-594236,altha@hotmail.com
Dortha,Yaccarino,6 Chestnut St,Gwersyllt Community,LL11 4RJ,01528-240870,dortha@hotmail.com
Diego,Augle,4 Peover St,Walcot Ward,BA1 6EF,01275-397587,diego.augle@gmail.com
Peggy,Khov,328 Pallas St,Longford Ward,M32 8LJ,01619-237602,peggy.khov@gmail.com
Walton,Yuki,9 Waltham Rd,Yealmpton,PL8 2NS,01872-808403,wyuki@gmail.com
Vallie,Yafaie,352 Strathmore Rd,Shiphay-with-the-Willows Ward,TQ2 7JB,01251-120872,vyafaie@hotmail.com
Tony,Diazdeleon,529 Llanrwst St,Southam,GL52 8TW,01765-102036,tony@gmail.com
Val,Villot,1980 Tynemouth St,Almond Ward,EH52 5PY,01375-870188,val@yahoo.com
Mel,Picciuto,8598 Rumney Rd,Hylands Ward,RM11 1QL,01885-270480,mel.picciuto@gmail.com
Isabella,Piatkowski,9283 Ruth St 81,Dormers Wells Ward,UB1 2FH,01979-186995,isabella_piatkowski@piatkowski.co.uk
Erasmo,Rhea,5544 Sutherland St,Mortehoe,EX34 7DQ,01507-386397,erasmo_rhea@hotmail.com
Ivory,Lohrenz,9 Jackson St,Parr Ward,WA9 3QW,01876-642683,ivory@hotmail.com
Nikita,Walka,3612 Bixteth St,Hucknall North Ward,NG15 8DD,01282-123434,nwalka@hotmail.com
Aleta,Ligons,4545 Victoria Rd,Kilbirnie and Beith Ward,KA15 1AT,01952-535977,aleta_ligons@hotmail.com
Owen,Jentzen,5 Hampden St,Liscard Ward,CH45 4RN,01467-142439,owen_jentzen@jentzen.co.uk
Pauline,Fling,6452 Pilgrim St 5,Seven Sisters Ward,N15 6TH,01990-476494,pfling@fling.co.uk
Tijuana,Machalek,1149 Highfield Rd 996,Fareham South Ward,PO14 9JJ,01242-532395,tijuana.machalek@gmail.com
Ahmad,Alsaqri,21 Pickwick St,Sutton cum Duckmanton,S44 5DS,01567-555570,ahmad.alsaqri@yahoo.com
Jamika,Conoly,19 Soho St,Whitley Ward,RG1 9XH,01726-595316,jamika_conoly@conoly.co.uk
Derrick,Dolloff,236 Blantyre Rd,Everton Ward,L6 2EN,01982-734773,derrick_dolloff@gmail.com
Jacquelyne,Reibman,70 Lilly Rd,Shirley Ward,CR0 7PT,01846-581451,jacquelyne_reibman@yahoo.com
Zachary,Freeburger,58 Gloucester Rd,Holbrook,DE56 0TX,01888-641397,zachary.freeburger@freeburger.co.uk
Sophia,Gaucher,88 Upper Harrington St,North East Ward,G69 8EL,01504-539114,sophia.gaucher@hotmail.com
Isabelle,Kono,4920 Fazakerley Rd,Plymstock Dunstone Ward,PL9 8RD,01552-682601,isabelle.kono@yahoo.com
Ronnie,Brigman,6 Morley St,Batchwood Ward,AL3 5JN,01943-754681,ronnie@brigman.co.uk
Krystina,Schlabaugh,7316 Friar St,Salvington Ward,BN13 3FL,01441-846477,kschlabaugh@schlabaugh.co.uk
Rosita,Ausdemore,8 Heathfield St 657,Hailsham,BN27 1AJ,01273-236188,rausdemore@hotmail.com
Huey,Stancil,275 Peel Sq,Park Ward,DN32 0PT,01502-139578,hstancil@hotmail.com
Elbert,Fiorino,726 Westmoreland Place,Ballochmyle Ward,KA5 6EL,01724-467889,elbert@hotmail.com
Pura,Manciel,7 Water St,Priory Heath Ward,IP3 9RB,01853-412588,pura.manciel@yahoo.com
Alesia,Katie,4 Covent Garden,Farnworth Ward,BL4 7AF,01333-436799,alesia_katie@gmail.com
Avery,Veit,9166 Devon St 905,Knightsbridge and Belgravia Wa,SW1W 8JY,01748-625058,avery@veit.co.uk
Reid,Euresti,70 Foster St,Inverness Ness-Side Ward,IV2 6WT,01916-963261,reuresti@euresti.co.uk
Charlette,Brenning,714 Fonthill Rd,Darton West Ward,S75 5EJ,01888-152110,cbrenning@brenning.co.uk
Celestina,Keeny,9 Milton St,Consett North ED,DH8 5LP,01877-379681,celestina_keeny@gmail.com
Mi,Richan,6 Norwood Grove,Tanworth-in-Arden,B94 5RZ,01451-785624,mi@hotmail.com
